brx, leave, remain
lab, 15.38146405, 65.26773674
grn, 0, 0
lbd, 0.17461103, 1.296698218
oth, 0.135154449, 0.286241643
con, 83.47700413, 33.1493234
brx, 0.831766341, 0
