party, percent
LAB, 2.547790208
GRN, 0.001735154
LBD, 0.017894892
OTH, 0.000252216
CON, 15.47167748
BRX, 0.057700259
