party, percent
LAB, 4.706256223
GRN, 0.00213848
LBD, 0.057850529
OTH, 0.000232534
CON, 2.674584006
BRX, 0
