party, percent
LAB, 9.589515033
GRN, 0.005160192
LBD, 0.043733637
OTH, 0.000376909
CON, 19.93607732
BRX, 0.068466574
