party, percent
LAB, 1.061041483
GRN, 0.000811357
LBD, 0.012551457
OTH, 0.000176904
CON, 14.26238869
BRX, 0.032376718
