party, percent
LAB, 10.13252946
GRN, 0.00363783
LBD, 0.080872931
OTH, 0.000198774
CON, 1.971368787
BRX, 0
