party, percent
LAB, 3.532004548
GRN, 0.00160363
LBD, 0.015947813
OTH, 8.74119E-05
CON, 4.187545661
BRX, 0.015997987
