party, percent
LAB, 2.772613801
GRN, 0.001414569
LBD, 0.057400745
OTH, 0.000230726
CON, 3.487837323
BRX, 0
