party, percent
LAB, 2.848462675
GRN, 0.000862877
LBD, 0.02250903
OTH, 3.51853E-05
CON, 0.316049982
BRX, 0
