LastElection, percent
LAB, 44.53017525
GRN, 0
LBD, 1.389636541
OTH, 2.15124509
CON, 46.63755807
BRX, 5.291385051
