party, percent
LAB, 4.98340831
GRN, 0.001917579
LBD, 0.081461739
OTH, 0.000110756
CON, 0.6205952
BRX, 0
