party, percent
LAB, 6.736522498
GRN, 0.01209677
LBD, 0.411111605
OTH, 0.001397381
CON, 4.287785259
BRX, 0
