party, percent
LAB, 1.622634381
GRN, 0.002988476
LBD, 0.048750746
OTH, 0.001035658
CON, 11.54064455
BRX, 0.038148165
