party, percent
LAB, 0.594110873
GRN, 0.001515046
LBD, 0.028833943
OTH, 0.00052504
CON, 10.68384303
BRX, 0.01289313
