LastElection, percent
LAB, 54.86382167
GRN, 1.101597383
LBD, 5.369285992
OTH, 0.548045254
CON, 36.19968928
BRX, 1.917560421
