party, percent
LAB, 0.155885998
GRN, 0.00156714
LBD, 0.026546075
OTH, 0.000689063
CON, 11.13241157
BRX, 0.008898247
