party, percent
LAB, 1.624605991
GRN, 0.007651191
LBD, 0.111089968
OTH, 0.002523141
CON, 20.05824677
BRX, 0.065165396
