LastElection, percent
LAB, 28.93999138
GRN, 2.952058907
LBD, 10.63017432
OTH, 0.842968506
CON, 54.44548884
BRX, 2.18931805
