party, percent
LAB, 0.478137771
GRN, 0.00410869
LBD, 0.083855503
OTH, 0.001210137
CON, 12.7981468
BRX, 0.028192121
