party, percent
LAB, 3.166136737
GRN, 0.026526786
LBD, 1.127902503
OTH, 0.00260432
CON, 7.584231361
BRX, 0
