party, percent
LAB, 1.506823641
GRN, 0.017480206
LBD, 0.867122113
OTH, 0.001716154
CON, 9.126304156
BRX, 0
