party, percent
LAB, 0.929460685
GRN, 0.001711491
LBD, 0.04366292
OTH, 0.000252044
CON, 4.867542327
BRX, 0.017615306
