party, percent
LAB, 1.611737378
GRN, 0.008983677
LBD, 0.183350589
OTH, 0.001984479
CON, 18.85826318
BRX, 0.061642251
