party, percent
LAB, 0.187703074
GRN, 0.00223332
LBD, 0.053177246
OTH, 0.000657782
CON, 12.70328456
BRX, 0.010216073
