brx, leave, remain
lab, 26.79672048, 78.63128194
grn, 0.113676316, 0.22255586
lbd, 0.284824672, 1.462708135
oth, 0, 0
con, 71.67713952, 19.68345407
brx, 1.127639009, 0
