party, percent
LAB, 8.525900287
GRN, 0.002736455
LBD, 0.052154365
OTH, 0.000200694
CON, 2.611254194
BRX, 0
