party, percent
LAB, 6.183177216
GRN, 0.001323026
LBD, 0.024315129
OTH, 3.6387E-05
CON, 0.369730397
BRX, 0
