party, percent
LAB, 20.1982502
GRN, 0.005122203
LBD, 0.080226473
OTH, 0.000188773
CON, 2.117834283
BRX, 0
