party, percent
LAB, 1.124393299
GRN, 0.000607318
LBD, 0.006619096
OTH, 8.93115E-05
CON, 8.145286768
BRX, 0.018273397
