party, percent
LAB, 2.69876254
GRN, 0.001298247
LBD, 0.009432976
OTH, 0.000127279
CON, 8.83215412
BRX, 0.032552125
