party, percent
LAB, 5.322849481
GRN, 0.001918215
LBD, 0.054839183
OTH, 0.000211025
CON, 3.60860421
BRX, 0
