party, percent
LAB, 10.89225461
GRN, 0.004140049
LBD, 0.024720393
OTH, 0.000203958
CON, 12.20363122
BRX, 0.041419067
