party, percent
LAB, 4.138324096
GRN, 0.001327168
LBD, 0.009298717
OTH, 4.8793E-05
CON, 2.644180068
BRX, 0.009983186
