LastElection, percent
LAB, 60.19729116
GRN, 1.404003236
LBD, 1.758918552
OTH, 0
CON, 31.07335786
BRX, 5.566429187
