party, percent
LAB, 6.805801091
GRN, 0.008747305
LBD, 0.125316196
OTH, 0.002560356
CON, 16.34592314
BRX, 0.121193375
