party, percent
LAB, 4.712067956
GRN, 0.00195072
LBD, 0.072777409
OTH, 0.000126884
CON, 0.453315861
BRX, 0
