party, percent
LAB, 3.893378815
GRN, 0.010414679
LBD, 0.362647273
OTH, 0.001354845
CON, 4.840407892
BRX, 0
