party, percent
LAB, 2.255907212
GRN, 0.004469992
LBD, 0.064038281
OTH, 0.001744502
CON, 12.39475804
BRX, 0.061931464
