party, percent
LAB, 0.841659437
GRN, 0.002309144
LBD, 0.038594976
OTH, 0.000901189
CON, 11.69240433
BRX, 0.021328701
