LastElection, percent
LAB, 55.44542235
GRN, 1.256185228
LBD, 4.562967847
OTH, 0.459195073
CON, 34.42111579
BRX, 3.855113721
