party, percent
LAB, 13.50056648
GRN, 0.016918101
LBD, 0.504944123
OTH, 0.001650655
CON, 2.901817286
BRX, 0
