party, percent
LAB, 3.464556424
GRN, 0.001471046
LBD, 0.026343247
OTH, 0.000287052
CON, 3.724338418
BRX, 0.030571886
