party, percent
LAB, 6.888923464
GRN, 0.013308878
LBD, 0.397221889
OTH, 0.001731351
CON, 3.387318636
BRX, 0
