brx, leave, remain
lab, 27.7515705, 78.39725388
grn, 0.10057187, 0.189559321
lbd, 0.526068242, 2.600888477
oth, 0, 0
con, 71.15765647, 18.81229833
brx, 0.464132922, 0
