party, percent
LAB, 3.18443761
GRN, 0.002304449
LBD, 0.055286881
OTH, 0.000169082
CON, 3.728769577
BRX, 0
