party, percent
LAB, 6.301284597
GRN, 0.004809478
LBD, 0.024099567
OTH, 0.000158026
CON, 12.19377344
BRX, 0.016721081
