party, percent
LAB, 8.140413902
GRN, 0.005242388
LBD, 0.030823899
OTH, 0.000128545
CON, 8.983607119
BRX, 0.013703891
