party, percent
LAB, 15.08758684
GRN, 0.007683233
LBD, 0.100987191
OTH, 0.000188851
CON, 2.732346325
BRX, 0
