party, percent
LAB, 14.95662741
GRN, 0.006426458
LBD, 0.099115395
OTH, 0.000117881
CON, 1.544702588
BRX, 0
