party, percent
LAB, 0.532637443
GRN, 0.000577711
LBD, 0.005283901
OTH, 5.66625E-05
CON, 6.664346347
BRX, 0.006040675
