party, percent
LAB, 4.970294988
GRN, 0.003203402
LBD, 0.05123599
OTH, 0.000156694
CON, 2.629231351
BRX, 0
