party, percent
LAB, 1.187106576
GRN, 0.001146736
LBD, 0.00699224
OTH, 7.49821E-05
CON, 6.710106486
BRX, 0.009992108
