LastElection, percent
LAB, 62.3594922
GRN, 1.24249413
LBD, 3.249600033
OTH, 0
CON, 30.85665607
BRX, 2.291757568
