party, percent
LAB, 0.97958614
GRN, 0.002357385
LBD, 0.035315465
OTH, 0.000704717
CON, 13.6875973
BRX, 0.037558252
