party, percent
LAB, 0.348628414
GRN, 0.001161662
LBD, 0.020303037
OTH, 0.000347267
CON, 12.31680245
BRX, 0.01233853
