party, percent
LAB, 10.64779289
GRN, 0.016205467
LBD, 0.505772
OTH, 0.001211116
CON, 5.82030085
BRX, 0
