party, percent
LAB, 3.39033728
GRN, 0.005292249
LBD, 0.079282021
OTH, 0.001186549
CON, 20.70812952
BRX, 0.084317004
