party, percent
LAB, 2.07569991
GRN, 0.006743512
LBD, 0.24554222
OTH, 0.000671969
CON, 6.562776777
BRX, 0
