brx, leave, remain
lab, 13.42206443, 61.22146087
grn, 0.072710409, 0.221277007
lbd, 0.243755075, 1.945827764
oth, 0, 0
con, 85.76803078, 36.61143436
brx, 0.493439305, 0
