party, percent
LAB, 11.84122395
GRN, 0.003242559
LBD, 0.064412755
OTH, 5.7205E-05
CON, 4.049447309
BRX, 0