party, percent
LAB, 0.573523958
GRN, 0.000334501
LBD, 0.004623846
OTH, 2.35479E-05
CON, 13.55066551
BRX, 0.011177701
