party, percent
LAB, 1.897093374
GRN, 0.000656959
LBD, 0.005837926
OTH, 1.1562E-05
CON, 3.953449223
BRX, 0.005488242
