party, percent
LAB, 1.373105251
GRN, 0.000713255
LBD, 0.006572933
OTH, 3.34741E-05
CON, 14.65638025
BRX, 0.019861791
