party, percent
LAB, 5.245027731
GRN, 0.001817792
LBD, 0.043940958
OTH, 6.38196E-05
CON, 5.239352526
BRX, 0