party, percent
LAB, 2.874902597
GRN, 0.001118728
LBD, 0.040564044
OTH, 5.8915E-05
CON, 6.356808551
BRX, 0