party, percent
LAB, 3.20222448
GRN, 0.000739873
LBD, 0.017245984
OTH, 9.74088E-06
CON, 0.624519736
BRX, 0