party, percent
LAB, 5.219254774
GRN, 0.002142123
LBD, 0.016222486
OTH, 5.05178E-05
CON, 19.07219676
BRX, 0.023800765
