LastElection, percent
LAB, 41.77722809
GRN, 1.244284536
LBD, 2.085675736
OTH, 0
CON, 51.51787722
BRX, 3.374934413