brx, leave, remain
lab, 18.82340304, 70.05731892
grn, 0.065710281, 0.163171396
lbd, 0.268455205, 1.748612432
oth, 0, 0
con, 80.47753989, 28.03089725
brx, 0.364891584, 0
