party, percent
LAB, 0.724443009
GRN, 0.000523875
LBD, 0.009112824
OTH, 0
CON, 11.62825881
BRX, 0.011842865
