party, percent
LAB, 6.672709098
GRN, 0.00339559
LBD, 0.032359969
OTH, 0
CON, 16.56516691
BRX, 0.025523266
