party, percent
LAB, 3.842919154
GRN, 0.001100889
LBD, 0.032291963
OTH, 0
CON, 0.509163244
BRX, 0
