party, percent
LAB, 15.0184325
GRN, 0.005099093
LBD, 0.12746674
OTH, 0
CON, 3.489194403
BRX, 0
