party, percent
LAB, 6.808066376
GRN, 0.00292548
LBD, 0.088990267
OTH, 0
CON, 4.620138728
BRX, 0
