party, percent
LAB, 2.261927474
GRN, 0.000971193
LBD, 0.010860392
OTH, 0
CON, 3.202340713
BRX, 0.005488768
