party, percent
LAB, 1.740815471
GRN, 0.001121168
LBD, 0.013001849
OTH, 0
CON, 12.62342013
BRX, 0.021121217
