party, percent
LAB, 3.921241196
GRN, 0.001891917
LBD, 0.086325413
OTH, 0
CON, 5.890348037
BRX, 0
