LastElection, percent
LAB, 51.91943036
GRN, 0.996478464
LBD, 2.035524941
OTH, 0
CON, 42.83696451
BRX, 2.211601718
