brx, leave, remain
lab, 12.28577654, 57.21552745
grn, 0.163573565, 0.508252763
lbd, 0.555103895, 4.524305572
oth, 0, 0
con, 86.62051223, 37.75191421
brx, 0.375033764, 0
