party, percent
LAB, 0.630545712
GRN, 0.001317246
LBD, 0.009613663
OTH, 0
CON, 10.46434083
BRX, 0.00917244