party, percent
LAB, 2.556046589
GRN, 0.004219044
LBD, 0.025304317
OTH, 0
CON, 14.52223268
BRX, 0.011722087