party, percent
LAB, 1.031311852
GRN, 0.001436313
LBD, 0.010108269
OTH, 0
CON, 3.341564672
BRX, 0.003000463