party, percent
LAB, 5.838262233
GRN, 0.008137467
LBD, 0.15578379
OTH, 0
CON, 9.067463874
BRX, 0