party, percent
LAB, 14.97327314
GRN, 0.016489874
LBD, 0.259423286
OTH, 0
CON, 7.961379171
BRX, 0