party, percent
LAB, 2.970949432
GRN, 0.004649498
LBD, 0.133515075
OTH, 0
CON, 10.21371324
BRX, 0