party, percent
LAB, 4.50193269
GRN, 0.004183246
LBD, 0.077223972
OTH, 0
CON, 1.365104177
BRX, 0