party, percent
LAB, 0.260081153
GRN, 0.000610048
LBD, 0.006678479
OTH, 0
CON, 9.554112401
BRX, 0.005097574