LastElection, percent
LAB, 38.09401314
GRN, 2.788496167
LBD, 4.731525784
OTH, 0
CON,51.8307009 
BRX, 2.555264015
