party, percent
LAB, 6.62976725
GRN, 0.018415806
LBD, 0.48728348
OTH, 0.00142793
CON, 4.818318671
BRX, 0
