party, percent
LAB, 0.263652753
GRN, 0.001040038
LBD, 0.01541091
OTH, 0.000241928
CON, 5.413676299
BRX, 0.003477267
