party, percent
LAB, 9.190853028
GRN, 0.026688767
LBD, 0.930340967
OTH, 0.001323317
CON, 8.145205126
BRX, 0
