party, percent
LAB, 1.51169643
GRN, 0.009370374
LBD, 0.381081035
OTH, 0.000619486
CON, 7.749042083
BRX, 0
