party, percent
LAB, 0.597355699
GRN, 0.002742784
LBD, 0.045892999
OTH, 0.000543985
CON, 13.53249779
BRX, 0.033863168
