party, percent
LAB, 3.434378578
GRN, 0.015374866
LBD, 0.535950861
OTH, 0.001016449
CON, 6.962753037
BRX, 0
