party, percent
LAB, 2.160220768
GRN, 0.00643378
LBD, 0.107651747
OTH, 0.000957024
CON, 21.39225025
BRX, 0.07943323
