party, percent
LAB, 0.214297188
GRN, 0.001362399
LBD, 0.026595358
OTH, 0.000270209
CON, 12.27473238
BRX, 0.0112137
