party, percent
LAB, 1.09579853
GRN, 0.001078158
LBD, 0.022550043
OTH, 0.000106917
CON, 4.85691323
BRX, 0.019966859
