party, percent
LAB, 3.209264394
GRN, 0.003078661
LBD, 0.134148412
OTH, 0.000101767
CON, 1.272984162
BRX, 0
