LastElection, percent
LAB, 32.716739
GRN, 1.8971602
LBD, 7.887189
OTH, 0.3421766
CON, 54.6426682
BRX, 2.514067
