party, percent
LAB, 3.76789918
GRN, 0
LBD, 0.069673779
OTH, 4.21214E-05
CON, 3.417728356
BRX, 0.01398296
