party, percent
LAB, 3.265402601
GRN, 0
LBD, 0.276856735
OTH, 0.000122743
CON, 3.142704454
BRX, 0
