party, percent
LAB, 2.810208188
GRN, 0
LBD, 0.090944188
OTH, 1.56799E-05
CON, 0.23855235
BRX, 0
