party, percent
LAB, 11.04987846
GRN, 0
LBD, 0.206379551
OTH, 0.000196179
CON, 17.5752104
BRX, 0.064639083
