party, percent
LAB, 1.362789083
GRN, 0
LBD, 0.066020779
OTH, 0.000102633
CON, 14.01485202
BRX, 0.034070997
