party, percent
LAB, 10.56302629
GRN, 0
LBD, 0.345274006
OTH,9.36019E-05
CON, 1.572310549
BRX, 0
