party, percent
LAB, 5.290944205
GRN, 0
LBD, 0.266351509
OTH, 0.000118086
CON, 2.300455431
BRX, 0
