party, percent
LAB, 3.195534336
GRN, 0
LBD, 0.091917691
OTH, 0.000142892
CON, 14.84626453
BRX, 0.059294351