LastElection, percent
LAB, 42.57596063
GRN, 0.796111456
LBD, 1.938271358
OTH, 9.225291541
CON, 41.69383714
BRX, 3.770527874
