party, percent
LAB, 4.437213565
GRN, 0.010411247
LBD, 0.324934632
OTH, 0.001037447
CON, 5.548591994
BRX, 0
