party, percent
LAB, 1.892130329
GRN, 0.000975735
LBD, 0.0182716
OTH, 0.000145843
CON, 5.172735984
BRX, 0.023318374
