party, percent
LAB, 3.93443466
GRN, 0.00197819
LBD, 0.077174041
OTH, 9.85601E-05
CON, 0.962585852
BRX, 0
