LastElection, percent
LAB, 40.49425271
GRN, 1.457290013
LBD, 4.310235856
OTH, 0.615747979
CON, 50.73184761
BRX, 2.390625835
