party, percent
LAB, 8.067364058
GRN, 0.043842584
LBD, 1.864159494
OTH, 0.00322825
CON, 8.447475514
BRX, 0
