party, percent
LAB, 3.326972437
GRN, 0.005973067
LBD, 0.317463886
OTH, 0.000293209
CON, 1.559250122
BRX, 0
