LastElection, percent
LAB, 29.14793188
GRN, 2.264992462
LBD, 14.94442093
OTH, 1.173959481
CON, 51.36434074
BRX, 1.104354507
