party, percent
LAB, 3.993715409
GRN, 0.002118357
LBD, 0.074715429
OTH, 0.000138016
CON, 0.902717113
BRX, 0
