party, percent
LAB, 11.02194785
GRN, 0.01769688
LBD, 0.499341682
OTH, 0.001729492
CON, 5.566235995
BRX, 0
