party, percent
LAB, 3.718247632
GRN, 0.00612311
LBD, 0.082930522
OTH, 0.001795209
CON, 20.98232948
BRX, 0.088523554
