party, percent
LAB, 2.188636961
GRN, 0.007501217
LBD, 0.246933278
OTH, 0.000977445
CON, 6.393140075
BRX, 0
