brx, leave, remain
lab, 8.307326875, 46.90490304
grn, 0, 0
lbd, 0.51512335, 5.090196415
oth, 0, 0
con, 90.84932297, 48.00490055
brx, 0.328226806, 0
