party, percent
LAB, 1.012189563
GRN, 0.000907546
LBD, 0.010870803
OTH, 8.06511E-05
CON, 4.412215104
BRX, 0.003987668
