party, percent
LAB, 3.50046006
GRN, 0.003141077
LBD, 0.102347392
OTH, 0.000556846
CON, 7.314124065
BRX, 0