party, percent
LAB, 2.733974715
GRN, 0.002905277
LBD, 0.029657417
OTH, 0.000345966
CON, 20.89748775
BRX, 0.016978116
