party, percent
LAB, 1.689283193
GRN, 0.001702006
LBD, 0.083186048
OTH, 0.000452594
CON, 7.81314388
BRX, 0