party, percent
LAB, 8.950895937
GRN, 0.006346217
LBD, 0.169930644
OTH, 0.000565337
CON, 6.402845604
BRX, 0