party, percent
LAB, 0.289622035
GRN, 0.000437356
LBD, 0.008149168
OTH, 0.000155466
CON, 14.31357197
BRX, 0.007686792