party, percent
LAB, 0.712687899
GRN, 0.000958512
LBD, 0.011906515
OTH, 0.000227147
CON, 15.91217862
BRX, 0.014038688
