party, percent
LAB, 2.499544947
GRN, 0.001495282
LBD, 0.046981522
OTH, 9.94056E-05
CON, 1.0196772
BRX, 0