LastElection, percent
LAB, 29.69368846
GRN, 0
LBD, 5.061589332
OTH, 0
CON, 62.66669089
BRX, 2.578031322
