party, percent
LAB, 9.056947387
GRN, 0.041587945
LBD, 1.257975015
OTH, 0.004571499
CON, 10.00724738
BRX, 0
