party, percent
LAB, 3.188773544
GRN, 0.022573545
LBD, 0.682817009
OTH, 0.003308489
CON, 8.060149351
BRX, 0
