party, percent
LAB, 3.44286746
GRN, 0.005222634
LBD, 0.197471393
OTH, 0.000382727
CON, 1.702646119
BRX, 0
