party, percent
LAB, 0.873275751
GRN, 0.001358677
LBD, 0.024658798
OTH, 0.000298701
CON, 4.825781104
BRX, 0.017357827
