party, percent
LAB, 0.436366005
GRN, 0.003168271
LBD, 0.046001097
OTH, 0.001393072
CON, 12.32487289
BRX, 0.026984252
