party, percent
LAB, 1.361440695
GRN, 0.013344551
LBD, 0.470928879
OTH, 0.001955843
CON, 8.700991535
BRX, 0
