party, percent
LAB, 2.924695802
GRN, 0.009149185
LBD, 0.358120246
OTH, 0.002013231
CON, 5.606539223
BRX, 0
