party, percent
LAB, 5.06792783
GRN, 0.007617419
LBD, 0.122672945
OTH, 0.003771392
CON, 18.76806445
BRX, 0.103576058
