party, percent
LAB, 0.539556608
GRN, 0.001731148
LBD, 0.032525337
OTH, 0.00114279
CON, 11.55748417
BRX, 0.01569258
