party, percent
LAB, 4.653442148
GRN, 0.00225289
LBD, 0.094482153
OTH, 0.000247868
CON, 0.690275649
BRX, 0
