LastElection, percent
LAB, 49.00105031
GRN, 1.253354424
LBD, 4.976693157
OTH, 1.716382944
CON, 40.45067956
BRX, 2.601839604
