party, percent
LAB, 2.039022761
GRN, 0.001109276
LBD, 0.01877984
OTH, 0.000216816
CON, 5.150018202
BRX, 0.024055676
