party, percent
LAB, 4.410373712
GRN, 0.010917023
LBD, 0.308038742
OTH, 0.001422541
CON, 5.095247383
BRX, 0
