party, percent
LAB, 1.021939762
GRN, 0.002594475
LBD, 0.0351392
OTH, 0.001014218
CON, 13.19250628
BRX, 0.037509071
