party, percent
LAB, 0.380992761
GRN, 0.001339276
LBD, 0.021162123
OTH, 0.000523542
CON, 12.43567442
BRX, 0.012908198
