LastElection, percent
LAB, 42.48014078
GRN, 1.675462056
LBD, 4.42072256
OTH, 0.574827328
CON, 49.03749591
BRX, 1.811351367
