brx, leave, remain
lab,0.100142694,0.511905022
grn,0.000893387,0.004452609
lbd,0.007428278,0.077129701
oth,0.000241701,0.000401542
con,0.887742259,0.406111125
brx,0.003551681,0