party, percent
LAB,0.032092644
GRN,3.07866E-05
LBD,0.001341484
OTH,1.01767E-06
CON,0.012729842
BRX,0