party, percent
LAB,0.015116964
GRN,9.37037E-05
LBD,0.00381081
OTH,6.19486E-06
CON,0.077490421
BRX,0