party, percent
LAB,0.005973557
GRN,2.74278E-05
LBD,0.00045893
OTH,5.43985E-06
CON,0.135324978
BRX,0.000338632