party, percent
LAB,0.09190853
GRN,0.000266888
LBD,0.00930341
OTH,1.32332E-05
CON,0.081452051
BRX,0