party, percent
LAB,0.021602208
GRN,6.43378E-05
LBD,0.001076517
OTH,9.57024E-06
CON,0.213922503
BRX,0.000794332