party, percent
LAB,0.010957985
GRN,1.07816E-05
LBD,0.0002255
OTH,1.06917E-06
CON,0.048569132
BRX,0.000199669