party, percent
LAB,0.002142972
GRN,1.3624E-05
LBD,0.000265954
OTH,2.70209E-06
CON,0.122747324
BRX,0.000112137