party, percent
LAB,0.034343786
GRN,0.000153749
LBD,0.005359509
OTH,1.01645E-05
CON,0.06962753
BRX,0