LastElection, percent
LAB,0.32716739
GRN,0.018971602
LBD,0.07887189
OTH,0.003421766
CON,0.546426682
BRX,0.02514067