party, percent
LAB, 5.426378402
GRN, 0.006482591
LBD, 0.105749954
OTH, 0.001684909
CON, 16.87069005
BRX, 0.082750872
