party, percent
LAB, 14.72988784
GRN, 0.01715705
LBD, 0.583086424
OTH, 0.001486447
CON, 4.098359792
BRX, 0
