party, percent
LAB, 2.734799563
GRN, 0.001079314
LBD, 0.022008443
OTH, 0.000187018
CON, 3.805568737
BRX, 0.020666311
