party, percent
LAB, 3.607798504
GRN, 0.008970261
LBD, 0.355665867
OTH, 0.001036216
CON, 5.806175297
BRX, 0
