brx, leave, remain
lab, 18.90891108, 69.96032809
grn, 0, 0
lbd, 0.288993637, 1.871285096
oth, 0.126966875, 0.234464632
con, 80.6751284, 27.93392219
brx, 0, 0
