party, percent
LAB, 2.864926023
GRN, 0.000456075
LBD, 0.014245251
OTH, 0
CON, 0.280810806
BRX, 0
