party, percent
LAB, 1.226829145
GRN, 0.000493001
LBD, 0.009131799
OTH, 0
CON, 14.56797394
BRX, 0.019287257
