party, percent
LAB, 5.707827403
GRN, 0.001362966
LBD, 0.044148206
OTH, 0
CON, 2.865541316
BRX, 0
