party, percent
LAB, 9.555262067
GRN, 0.00270207
LBD, 0.027420288
OTH, 0
CON, 17.54853373
BRX, 0.035148798
