party, percent
LAB, 3.53156625
GRN, 0.000946862
LBD, 0.046005098
OTH, 0
CON, 3.924545467
BRX, 0
