party, percent
LAB, 2.848629085
GRN, 0.001019518
LBD, 0.012589595
OTH, 0
CON, 15.28145865
BRX, 0.03323808
