party, percent
LAB, 3.246963481
GRN, 0.000774721
LBD, 0.009225029
OTH, 0
CON, 3.400719978
BRX, 0.007577177
