party, percent
LAB, 10.94454841
GRN, 0.002064939
LBD, 0.054965934
OTH, 0
CON, 1.881061585
BRX, 0
