LastElection, percent
LAB, 52.56842105
GRN, 0
LBD, 2.20861244
OTH, 1.940669856
CON, 43.28229665
BRX, 0
