party, percent
LAB, 5.611257912
GRN, 0.012677475
LBD, 0.425336312
OTH, 0.002789613
CON, 4.254257632
BRX, 0
