party, percent
LAB, 12.75989015
GRN, 0.018699457
LBD, 0.62737713
OTH, 0.00308604
CON, 4.228865487
BRX, 0
