party, percent
LAB, 1.47382506
GRN, 0.003415182
LBD, 0.054998999
OTH, 0.00225448
CON, 12.48595087
BRX, 0.04643713
