party, percent
LAB, 2.772606893
GRN, 0.001376732
LBD, 0.027714075
OTH, 0.000454414
CON, 4.595668151
BRX, 0.028079684
