brx, leave, remain
lab, 15.56629223, 64.0268158
grn, 0.076755559, 0.21064051
lbd, 0.506519064, 3.646186519
oth, 0, 0
con, 83.43391422, 32.11635717
brx, 0.416518931, 0
