party, percent
LAB, 1.900815029
GRN, 0.000839277
LBD, 0.010371378
OTH, 8.56128E-06
CON, 3.835512399
BRX, 0.003858415
