party, percent
LAB, 4.986026906
GRN, 0.002609194
LBD, 0.027478326
OTH, 3.56652E-05
CON, 17.64180085
BRX, 0.015953705
