party, percent
LAB, 14.0306948
GRN, 0.004898761
LBD, 0.135325984
OTH, 5.00923E-05
CON, 4.64594871
BRX, 0
