party, percent
LAB, 0.516484542
GRN, 0.000384078
LBD, 0.00738305
OTH, 1.56716E-05
CON, 11.81578185
BRX, 0.007062895
