party, percent
LAB, 1.222031256
GRN, 0.000809355
LBD, 0.010372046
OTH, 2.20161E-05
CON, 12.62993996
BRX, 0.012402847
