party, percent
LAB, 3.235990457
GRN, 0.001605552
LBD, 0.080956567
OTH, 4.90077E-05
CON, 6.928182271
BRX, 0
