party, percent
LAB, 5.80836975
GRN, 0.002566648
LBD, 0.086278528
OTH, 5.22293E-05
CON, 5.617979665
BRX, 0
