party, percent
LAB, 3.981908527
GRN, 0.001173038
LBD, 0.038023687
OTH, 8.95141E-06
CON, 0.751937508
BRX, 0
