LastElection, percent
LAB, 45.25473806
GRN, 1.226850184
LBD, 4.048065144
OTH, 0
CON, 46.80946891
BRX, 2.660877711
