party, percent
LAB, 3.436722835
GRN, 0.003968863
LBD, 0.061900244
OTH, 0.000203463
CON, 2.304663503
BRX, 0
