party, percent
LAB, 0.733609221
GRN, 0.001269787
LBD, 0.007549988
OTH, 8.70168E-05
CON, 5.256792827
BRX, 0.006405305
