party, percent
LAB, 11.28908022
GRN, 0.013750377
LBD, 0.044791666
OTH, 0.000315669
CON, 12.51116639
BRX, 0.023062963
