party, percent
LAB, 7.424922598
GRN, 0.007630654
LBD, 0.029166984
OTH, 0.00013073
CON, 4.69273908
BRX, 0.009623003
