party, percent
LAB, 11.02696677
GRN, 0.007561035
LBD, 0.075809218
OTH, 9.69035E-05
CON, 0.652225056
BRX, 0
