party, percent
LAB, 6.462984456
GRN, 0.006647365
LBD, 0.069116953
OTH, 0.000227183
CON, 1.957987714
BRX, 0
