party, percent
LAB, 2.066853649
GRN, 0.003186184
LBD, 0.012629752
OTH, 0.000145563
CON, 6.690824539
BRX, 0.013393634
