party, percent
LAB, 20.77738921
GRN, 0.016885051
LBD, 0.144276631
OTH, 0.000289978
CON, 2.15494977
BRX, 0
