LastElection, percent
LAB, 71.45726854
GRN, 1.774862054
LBD, 2.550410659
OTH, 0.495842551
CON, 21.64416304
BRX, 2.077453149
