party, percent
LAB, 0.009123242
GRN, 3.156392053
LBD, 0.000141054
OTH, 0.019253964
CON, 0.001212769
BRX, 1.986538091
