party, percent
LAB, 2.87874762
GRN, 0.011071977
LBD, 0.341792824
OTH, 0.000858502
CON, 5.289948414
BRX, 0
