party, percent
LAB, 23.19791776
GRN, 0.041797563
LBD, 1.105966388
OTH, 0.002430684
CON, 7.369866519
BRX, 0
