party, percent
LAB, 4.624880247
GRN, 0.008546688
LBD, 0.108550052
OTH, 0.001491065
CON, 16.41811292
BRX, 0.042862532
