party, percent
LAB, 0.871111034
GRN, 0.002481769
LBD, 0.031520532
OTH, 0.000577296
CON, 7.074290366
BRX, 0.01244633
