party, percent
LAB, 6.655792233
GRN, 0.003961735
LBD, 0.131034723
OTH, 0.000153593
CON, 0.946415125
BRX, 0
