LastElection, percent
LAB, 54.50166096
GRN, 1.76468683
LBD, 8.795224655
OTH, 0.507979892
CON, 33.14093412
BRX, 1.289513538
